winSize,hiddenLayers,neurons,function,learning_rate,batchSize,epochs,r2,mae,rmse
30,4,64,sigmoid,6.684792870390742e-05,128,epochs,0.6831465363502502,0.3986225128173828,0.5505062937736511
30,4,512,relu,1.228546667784701e-05,128,epochs,0.8361520767211914,0.27687904238700867,0.3958708941936493
10,9,512,relu,0.00022265227595332589,256,epochs,0.899965763092041,0.19884322583675385,0.3127191960811615
10,5,256,relu,1.897743576692889e-05,64,epochs,0.8150306940078735,0.2985871732234955,0.4252360761165619
10,9,512,sigmoid,2.3685278111439773e-05,512,epochs,-0.022386908531188965,0.7873553037643433,0.9997418522834778
10,9,64,relu,0.0009633629853717722,256,epochs,0.858166515827179,0.24443697929382324,0.37236568331718445
20,5,256,tanh,4.25129353496296e-05,256,epochs,0.8249462842941284,0.3005152642726898,0.42543503642082214
10,8,128,relu,0.0002436579778120959,256,epochs,0.8351361155509949,0.2816300392150879,0.4014607071876526
10,5,64,tanh,0.00015976967842322472,64,epochs,0.8269795775413513,0.2950516939163208,0.4112717807292938
10,9,512,tanh,0.004508680508360884,512,epochs,0.2069791555404663,0.682475745677948,0.8804861903190613
20,8,512,tanh,4.5494854190782555e-05,128,epochs,0.9149948954582214,0.21211260557174683,0.296462744474411
10,10,512,sigmoid,1.550897580519624e-05,512,epochs,-0.020173311233520508,0.7876349687576294,0.9986590147018433
30,10,256,sigmoid,0.00010483985680430916,256,epochs,0.6824147701263428,0.3902445137500763,0.551141619682312
30,4,256,sigmoid,0.0003334176958751923,128,epochs,0.8575384020805359,0.2613024413585663,0.36913225054740906
30,4,256,tanh,1.1440110706279397e-05,256,epochs,0.7577216625213623,0.3569225072860718,0.4813825488090515
10,5,64,relu,0.0015693607424455778,64,epochs,0.8833938837051392,0.2280118614435196,0.33762994408607483
20,8,128,tanh,0.00038284357432014256,512,epochs,0.8821353912353516,0.25188711285591125,0.34909147024154663
20,9,256,tanh,0.004998529435382428,512,epochs,0.24366146326065063,0.6640335321426392,0.8843123316764832
10,4,64,sigmoid,0.0007821838988418476,128,epochs,0.715180516242981,0.3666381239891052,0.5276733040809631
10,8,128,tanh,0.0010160927085434515,128,epochs,0.9037100076675415,0.20148099958896637,0.30681097507476807
20,10,512,relu,1.9185688522793023e-05,512,epochs,0.8727592825889587,0.2667904794216156,0.3627109229564667
10,7,256,relu,5.571459806147373e-05,128,epochs,0.8382721543312073,0.2843411862850189,0.39762401580810547
10,7,64,relu,0.0009045543822897101,64,epochs,0.8555713891983032,0.25477468967437744,0.37575680017471313
20,5,512,relu,3.1182531103129216e-05,64,epochs,0.8909922242164612,0.2407269924879074,0.3357192873954773
20,7,512,relu,3.712732004925599e-05,128,epochs,0.8938117623329163,0.2402358055114746,0.33134910464286804
10,8,512,sigmoid,0.0057300893297848555,128,epochs,-0.0290755033493042,0.7866199612617493,1.0030068159103394
10,7,64,sigmoid,5.478302928696321e-05,64,epochs,0.5138494968414307,0.4971639811992645,0.689391016960144
20,5,256,relu,6.263881564065016e-05,128,epochs,0.8820604085922241,0.25537803769111633,0.34920254349708557
10,4,512,sigmoid,0.009893804455351396,64,epochs,-0.029228925704956055,0.7866039872169495,1.0030815601348877
10,6,64,relu,0.00012840480221142274,128,epochs,0.8096809387207031,0.30087336897850037,0.43134164810180664
30,8,64,sigmoid,0.002826912754818361,256,epochs,0.8305069208145142,0.2828032374382019,0.4026327431201935
30,5,256,tanh,0.0006523632401230852,256,epochs,0.9030719995498657,0.2119378298521042,0.3044792115688324
20,6,64,relu,0.0007995642024248066,256,epochs,0.8611087203025818,0.27402326464653015,0.3789528012275696
10,9,512,sigmoid,0.0013091889777988965,64,epochs,-0.03726959228515625,0.7868200540542603,1.0069921016693115
30,8,128,tanh,2.411773716145339e-05,256,epochs,0.7833502292633057,0.33281299471855164,0.4552103877067566
10,9,64,tanh,0.00218951903725925,512,epochs,0.8595051765441895,0.24883998930454254,0.3706042766571045
10,7,64,relu,0.0016206656049082262,256,epochs,0.8658177852630615,0.24184423685073853,0.36218273639678955
10,6,128,sigmoid,2.110021493480851e-05,64,epochs,0.5026849508285522,0.5047492384910583,0.6972620487213135
20,6,128,relu,1.1775878174855525e-05,128,epochs,0.7644050121307373,0.34651222825050354,0.4935494065284729
20,9,512,sigmoid,0.008779081112042713,256,epochs,-0.024718880653381348,0.7920772433280945,1.029318928718567
20,6,256,tanh,0.0006586073300236708,64,epochs,0.9388598799705505,0.1545218825340271,0.2514263391494751
20,4,128,tanh,0.00019673978791049987,256,epochs,0.8298512697219849,0.29396358132362366,0.4194323420524597
30,6,256,sigmoid,0.0001679495041029981,512,epochs,0.7572097778320312,0.33944690227508545,0.48189085721969604
20,9,128,sigmoid,0.0005097013273848027,512,epochs,0.7412387132644653,0.3548455834388733,0.5172460675239563
30,6,512,tanh,0.00021207007887829305,128,epochs,0.9220583438873291,0.19136974215507507,0.2730347812175751
30,4,256,sigmoid,0.0009807572086496035,256,epochs,0.87677001953125,0.23999422788619995,0.3433138132095337
20,5,128,relu,1.183794078335495e-05,128,epochs,0.7699826955795288,0.34386780858039856,0.48767203092575073
20,9,128,sigmoid,0.0012276165974064767,512,epochs,0.814436674118042,0.3047793209552765,0.43801969289779663
10,10,512,relu,3.3702339187958174e-05,512,epochs,0.8471938967704773,0.272390753030777,0.3865009844303131
30,8,256,tanh,0.0006885840651732388,512,epochs,0.9196609854698181,0.1911678910255432,0.2772020101547241
20,6,128,sigmoid,6.79100514336204e-05,512,epochs,0.4841320514678955,0.5223209261894226,0.7303261160850525
10,6,256,tanh,0.0047761779398888034,64,epochs,0.6500800848007202,0.4154204726219177,0.5848770141601562
10,4,512,tanh,9.83205214313305e-05,512,epochs,0.848124086856842,0.27178552746772766,0.38532277941703796
20,10,64,sigmoid,0.00013840222969877848,64,epochs,0.614937424659729,0.42878901958465576,0.6309765577316284
30,10,128,tanh,4.5526567100334687e-05,512,epochs,0.8128198385238647,0.3080219328403473,0.4231194257736206
20,5,64,tanh,0.0005965932383818252,64,epochs,0.8832140564918518,0.2445746511220932,0.34749042987823486
10,4,256,tanh,9.59528769787605e-05,512,epochs,0.7828623056411743,0.32838529348373413,0.4607314169406891
20,10,512,tanh,0.0031969271856318133,512,epochs,0.04710352420806885,0.7552135586738586,0.9925912618637085
10,5,128,relu,0.0007311508172353421,128,epochs,0.8920400142669678,0.22182407975196838,0.32487156987190247
20,9,256,tanh,3.186892617181474e-05,64,epochs,0.8708435893058777,0.26845088601112366,0.36543115973472595
30,7,512,sigmoid,3.9354040776236875e-05,128,epochs,0.6527184844017029,0.4171953797340393,0.5763335227966309
10,10,64,tanh,0.00039649319317060325,256,epochs,0.8366574048995972,0.28003695607185364,0.3996041715145111
20,9,512,sigmoid,2.877222496280585e-05,128,epochs,0.5056407451629639,0.5015679001808167,0.7149388194084167
20,7,256,tanh,0.003590372262140985,64,epochs,0.7421795725822449,0.3795129656791687,0.5163049101829529
30,7,256,relu,0.00030403215011820674,256,epochs,0.9038204550743103,0.20639553666114807,0.3033013939857483
30,9,256,sigmoid,1.0726384070448124e-05,128,epochs,0.5164176225662231,0.5071395635604858,0.680092990398407
30,9,512,tanh,0.002392206160157711,64,epochs,0.4167937636375427,0.5668020844459534,0.7468685507774353
30,8,256,tanh,0.009769996134226588,256,epochs,0.5266361236572266,0.5069635510444641,0.6728691458702087
10,6,64,sigmoid,0.0004051276605570742,128,epochs,0.6679420471191406,0.40244656801223755,0.5697537660598755
30,8,256,relu,0.003146915561245648,256,epochs,0.9134844541549683,0.17166799306869507,0.2876604497432709
10,4,256,sigmoid,0.0067962421501414445,512,epochs,0.8360171318054199,0.2752087116241455,0.4003865420818329
20,7,512,tanh,3.5734771643777725e-05,64,epochs,0.9144837260246277,0.20585951209068298,0.29735273122787476
10,8,64,relu,2.802804160045068e-05,256,epochs,0.7184677124023438,0.3725786805152893,0.5246194005012512
30,5,512,tanh,0.005315120719516047,256,epochs,0.8468900918960571,0.2738986909389496,0.3826791048049927
10,8,64,relu,0.0007525668624033472,256,epochs,0.8323915004730225,0.28025954961776733,0.4047885537147522
20,7,512,tanh,1.2529091074176058e-05,256,epochs,0.8087974190711975,0.3181024193763733,0.444625586271286
20,10,128,tanh,2.2096775705946823e-05,128,epochs,0.8144170045852661,0.3146945834159851,0.43804293870925903
30,9,256,tanh,2.3608096653013916e-05,256,epochs,0.8217026591300964,0.3004780411720276,0.41295763850212097
20,9,256,sigmoid,5.6377226560240775e-05,64,epochs,0.5915306210517883,0.44169795513153076,0.649871289730072
20,8,64,relu,0.00025793036324233716,512,epochs,0.8409117460250854,0.29245835542678833,0.40557071566581726
20,6,512,tanh,9.187022243182289e-05,64,epochs,0.9250651001930237,0.19309048354625702,0.2783489525318146
30,7,64,tanh,1.8372970525496184e-05,256,epochs,0.6990298628807068,0.3889424502849579,0.5365309715270996
30,10,512,tanh,1.4541602073352949e-05,256,epochs,0.8250728845596313,0.2965085506439209,0.40903612971305847
20,7,512,relu,1.2206982650618908e-05,128,epochs,0.8453989028930664,0.28584834933280945,0.39981022477149963
10,10,64,tanh,0.006937168239262395,128,epochs,0.5559817552566528,0.4812633991241455,0.658841073513031
20,8,128,tanh,3.7310503759486674e-05,128,epochs,0.8281649351119995,0.30285224318504333,0.4215056896209717
30,6,64,tanh,0.001507137749601026,512,epochs,0.8756969571113586,0.24214039742946625,0.3448053300380707
30,10,512,tanh,0.006288640483101897,128,epochs,0.44863462448120117,0.5464915037155151,0.7261942625045776
20,9,512,tanh,0.009230856631871225,128,epochs,0.3613835573196411,0.5960029363632202,0.812582790851593
20,4,512,relu,0.0014700478888089645,512,epochs,0.9362776875495911,0.16530434787273407,0.25668081641197205
20,6,512,sigmoid,1.7415901578589307e-05,256,epochs,0.4748390316963196,0.5234548449516296,0.7368749380111694
30,10,512,sigmoid,1.281437117815625e-05,64,epochs,0.552587628364563,0.48257407546043396,0.6541646122932434
30,9,64,tanh,3.15569019315472e-05,256,epochs,0.7664276957511902,0.3446882367134094,0.47265446186065674
10,5,512,sigmoid,0.0011101997215194372,128,epochs,0.8450182676315308,0.26332998275756836,0.3892427384853363
30,9,128,tanh,0.005476297687998955,128,epochs,0.5321533679962158,0.4985264241695404,0.6689363718032837
20,6,128,relu,0.00021144107142647336,256,epochs,0.872784435749054,0.2658722996711731,0.3626750707626343
20,5,512,tanh,2.089102757268368e-05,512,epochs,0.7636537551879883,0.344736248254776,0.49433568120002747
10,10,512,tanh,1.0575329245056652e-05,64,epochs,0.8507303595542908,0.2702263593673706,0.3820023238658905
30,10,256,relu,0.0008125566220751722,256,epochs,0.9183002710342407,0.15445639193058014,0.27953967452049255
30,9,64,tanh,0.002321835526300552,64,epochs,0.8762399554252625,0.2288185954093933,0.3440513610839844
10,5,128,sigmoid,0.004259727230073409,256,epochs,0.8369757533073425,0.2728748023509979,0.3992145359516144
20,10,512,tanh,0.0017365130529706282,256,epochs,0.20843881368637085,0.6807332634925842,0.9046692252159119
20,10,256,relu,0.002355298230317623,64,epochs,0.9172794222831726,0.1914411336183548,0.2924518287181854
30,6,64,sigmoid,5.0288155504944943e-05,64,epochs,0.7098230123519897,0.381110280752182,0.5268228054046631
30,4,512,sigmoid,8.064371452780499e-05,512,epochs,0.7492479085922241,0.3558560609817505,0.4897284209728241
20,4,64,relu,0.004589632641443921,128,epochs,0.8837864398956299,0.240115225315094,0.34663787484169006
30,8,512,sigmoid,0.0016858038614989879,128,epochs,0.9276251792907715,0.1710868775844574,0.2631036043167114
10,9,256,relu,0.00021386969898751202,128,epochs,0.8845092058181763,0.21665672957897186,0.3360113203525543
20,6,128,relu,0.007031247166659909,512,epochs,0.88555908203125,0.24581822752952576,0.34398403763771057
10,10,256,relu,0.009256839032315934,128,epochs,0.8351421356201172,0.29039180278778076,0.4014533460140228
10,10,64,tanh,0.0037602643659572577,128,epochs,0.8387572765350342,0.2606428563594818,0.39702722430229187
20,10,128,sigmoid,9.360830597035288e-05,128,epochs,0.5783082246780396,0.46110713481903076,0.6603058576583862
20,8,64,tanh,0.0003247252571251985,64,epochs,0.8761953115463257,0.2556348145008087,0.3577800393104553
10,4,512,tanh,0.00019002942657260128,64,epochs,0.8976606130599976,0.22436553239822388,0.31630179286003113
10,6,128,relu,2.3909735121733967e-05,256,epochs,0.7470256090164185,0.34423285722732544,0.49730005860328674
20,4,64,sigmoid,0.0008969123305595626,128,epochs,0.8221439123153687,0.3098239302635193,0.42882680892944336
20,10,512,tanh,0.0001769982411625697,64,epochs,0.9403586387634277,0.15517130494117737,0.24832551181316376
10,10,64,relu,0.0001975284044279133,256,epochs,0.7789303660392761,0.3279162645339966,0.4648841917514801
20,10,512,sigmoid,1.426718326612058e-05,256,epochs,-0.027231812477111816,0.7920939922332764,1.0305802822113037
10,6,256,relu,0.0019400677473989983,128,epochs,0.9110920429229736,0.17701376974582672,0.29481562972068787
30,9,64,sigmoid,0.006127070436446126,256,epochs,0.8097608089447021,0.29350578784942627,0.4265628755092621
10,10,128,sigmoid,0.0009376352033926908,64,epochs,0.7739394903182983,0.3308658003807068,0.47010257840156555
20,5,256,tanh,0.0014614632640653174,64,epochs,0.9285180568695068,0.17015862464904785,0.2718602418899536
10,9,64,tanh,0.0002134710189026024,512,epochs,0.7687293291091919,0.3373921811580658,0.4754890501499176
20,4,256,sigmoid,0.0010850725184587018,512,epochs,0.829326868057251,0.3038279712200165,0.42007821798324585
20,8,64,relu,4.104586128066555e-05,128,epochs,0.8221320509910583,0.3088562786579132,0.42884114384651184
30,7,128,relu,0.0001382363751439632,128,epochs,0.872677743434906,0.24694760143756866,0.3489677309989929
30,4,512,relu,0.00023947641665641954,64,epochs,0.9308246970176697,0.17141233384609222,0.2572222650051117
20,9,512,tanh,2.2157467348292442e-05,64,epochs,0.914774477481842,0.20807284116744995,0.29684680700302124
20,10,64,relu,0.00020278208344760642,512,epochs,0.8217102289199829,0.30527710914611816,0.4293493628501892
10,8,64,sigmoid,0.0003387319692711264,256,epochs,0.617080569267273,0.42548108100891113,0.6118345260620117
20,5,128,sigmoid,2.8748114572232872e-05,64,epochs,0.5459564328193665,0.4732792377471924,0.6851668357849121
30,10,512,sigmoid,0.005921923259015841,256,epochs,-0.05982983112335205,0.7870040535926819,1.006818413734436
20,8,64,tanh,0.00033266771554420183,256,epochs,0.869648277759552,0.2550167441368103,0.3671182096004486
10,8,512,tanh,0.000550792759083607,64,epochs,0.5720555186271667,0.4746677875518799,0.6468058824539185
30,5,64,tanh,2.044116443369308e-05,256,epochs,0.7181603908538818,0.38708558678627014,0.5191992521286011
10,9,512,tanh,0.0003734269517136613,128,epochs,0.9169961810112,0.1772814244031906,0.2848586142063141
10,10,256,relu,9.751518866885027e-05,512,epochs,0.8398378491401672,0.2809372842311859,0.39569467306137085
30,9,128,tanh,8.525016194205556e-05,512,epochs,0.8064473271369934,0.31741902232170105,0.43026167154312134
10,9,64,sigmoid,0.001026521666279519,256,epochs,0.7079695463180542,0.37257859110832214,0.5343112349510193
10,5,64,tanh,0.0034141701897758146,64,epochs,0.8678947687149048,0.23990598320960999,0.3593687117099762
30,4,256,sigmoid,2.472561623442981e-05,512,epochs,0.5448040962219238,0.49587929248809814,0.6598302721977234
30,10,128,sigmoid,0.0002055986295217495,512,epochs,0.7544670104980469,0.3431903123855591,0.4846051335334778
10,8,128,tanh,0.00788478601615764,512,epochs,0.7345167398452759,0.34985673427581787,0.5094467401504517
20,10,512,sigmoid,0.00038227805297327984,128,epochs,0.8659578561782837,0.26125964522361755,0.37227872014045715
20,8,64,sigmoid,0.003448870044517531,64,epochs,0.8268946409225464,0.29319077730178833,0.42306089401245117
20,4,128,tanh,0.0045070182968739965,64,epochs,0.8703351616859436,0.2582588791847229,0.3661496937274933
10,7,64,tanh,4.7164613059768306e-05,256,epochs,0.7219678163528442,0.3747712969779968,0.5213480591773987
10,4,256,tanh,0.001225225327195255,128,epochs,0.9025809168815613,0.21476493775844574,0.30860447883605957
10,4,64,tanh,4.4357211176716456e-05,128,epochs,0.7045845985412598,0.37775564193725586,0.5373989939689636
10,10,256,relu,8.006700504440855e-05,64,epochs,0.8728929758071899,0.23631243407726288,0.35250476002693176
30,8,64,sigmoid,0.0003516634161441487,128,epochs,0.8008396625518799,0.313247948884964,0.4364500343799591
20,5,64,sigmoid,0.00839389385148489,64,epochs,0.8549476861953735,0.2538563907146454,0.38726648688316345
10,7,512,relu,0.0008072580312231549,256,epochs,0.910608172416687,0.16617533564567566,0.2956167757511139
30,9,64,sigmoid,0.0016053175530640138,256,epochs,0.805486798286438,0.3114897608757019,0.4313279390335083
30,7,512,sigmoid,3.5223620651057185e-05,128,epochs,0.6427804231643677,0.4224195182323456,0.5845217704772949
10,4,256,tanh,0.000351682507892588,512,epochs,0.8799906969070435,0.2368808090686798,0.3425213694572449
20,6,64,sigmoid,9.903166005737452e-05,64,epochs,0.512485921382904,0.4928368031978607,0.7099719047546387
20,6,128,tanh,0.001191805741607505,256,epochs,0.9217125773429871,0.18533805012702942,0.2845074236392975
20,4,512,sigmoid,0.009667061790081302,128,epochs,-0.026729822158813477,0.7920841574668884,1.030328392982483
20,9,256,tanh,0.00021764429580097382,512,epochs,0.9139657020568848,0.21274520456790924,0.29825204610824585
30,7,256,sigmoid,0.008711277280559957,64,epochs,-0.02025759220123291,0.7846071124076843,0.9878430962562561
30,5,64,relu,0.0035156685983313636,512,epochs,0.8986740708351135,0.2170366793870926,0.3113102614879608
20,6,512,sigmoid,1.2507081272117924e-05,128,epochs,0.4999769330024719,0.5090706944465637,0.7190226912498474
30,5,256,tanh,8.773165536945416e-05,256,epochs,0.8409936428070068,0.279479056596756,0.38997822999954224
30,7,64,tanh,0.00211297058199671,512,epochs,0.8746107220649719,0.2402525544166565,0.3463086187839508
10,10,64,tanh,3.2958625521293175e-05,512,epochs,0.6661462187767029,0.40928345918655396,0.5712923407554626
20,6,128,sigmoid,0.0013449042736587624,128,epochs,0.8635202646255493,0.27210113406181335,0.37564849853515625
10,5,512,relu,0.00012097331267807162,256,epochs,0.8782119154930115,0.24223758280277252,0.34505048394203186
10,4,256,tanh,0.009972065715025806,512,epochs,0.8527612686157227,0.250866174697876,0.37939468026161194
30,4,128,tanh,0.000845309535702934,512,epochs,0.883569061756134,0.23568479716777802,0.3337085247039795
30,9,128,relu,0.0001985431278362144,64,epochs,0.9033907651901245,0.205149307847023,0.3039781451225281
20,8,256,relu,5.646975804749914e-05,256,epochs,0.8554480671882629,0.2816852629184723,0.38659796118736267
30,8,128,relu,0.0009466700122518437,256,epochs,0.9129957556724548,0.18645405769348145,0.2884717881679535
30,10,256,sigmoid,4.2896824007488664e-05,512,epochs,-0.017713308334350586,0.7845904231071472,0.9866106510162354
10,10,512,tanh,0.0002294205934674943,64,epochs,0.9274706244468689,0.14977417886257172,0.2662791907787323
30,6,256,tanh,2.467734624441108e-05,256,epochs,0.8217676281929016,0.3034653961658478,0.41288238763809204
20,7,128,relu,1.951798400143472e-05,256,epochs,0.7735358476638794,0.33352816104888916,0.48389074206352234
20,8,256,relu,0.0019469918133491314,512,epochs,0.9325186610221863,0.1358458697795868,0.2641431987285614
30,7,128,relu,0.0005623831965993879,64,epochs,0.9199947118759155,0.1673382669687271,0.2766256034374237
20,6,64,relu,0.0001962380899296824,256,epochs,0.8316296339035034,0.30060243606567383,0.41723471879959106
10,8,128,tanh,0.00045673971847094393,64,epochs,0.8962135910987854,0.20848925411701202,0.3185300827026367
30,4,128,relu,0.00015195365058834703,256,epochs,0.8562641143798828,0.26386594772338867,0.37077945470809937
30,8,512,sigmoid,1.320580008559322e-05,64,epochs,0.5583219528198242,0.47555747628211975,0.6499590277671814
30,5,256,sigmoid,9.027969751234832e-05,512,epochs,0.7367048263549805,0.3591426908969879,0.501827597618103
30,10,512,sigmoid,0.0004883967687035244,512,epochs,0.8591887950897217,0.25500404834747314,0.3669878840446472
30,10,64,sigmoid,0.00026532039931646,128,epochs,0.7788357734680176,0.3306538462638855,0.4599286913871765
20,5,128,relu,0.0005220484542842876,64,epochs,0.9176186323165894,0.20069316029548645,0.29185158014297485
20,9,128,tanh,0.0003202274181400546,512,epochs,0.8784551024436951,0.25480377674102783,0.35449978709220886
20,9,512,sigmoid,0.00013504370002439633,128,epochs,0.7851162552833557,0.3336094319820404,0.4713563621044159
30,9,256,sigmoid,0.00028349167182377524,128,epochs,0.8355328440666199,0.2764611542224884,0.3966182470321655
30,7,256,tanh,0.00011127805409633225,256,epochs,0.866428017616272,0.2550240159034729,0.35742977261543274
20,10,128,tanh,1.3372095221323861e-05,64,epochs,0.7902511358261108,0.3313649892807007,0.4656905233860016
20,8,256,relu,2.126570302701857e-05,128,epochs,0.8560806512832642,0.2762776017189026,0.3857510983943939
10,7,256,sigmoid,0.00026134351088213725,128,epochs,0.7206845283508301,0.36616212129592896,0.5225499272346497
20,7,128,tanh,9.193970509080526e-05,64,epochs,0.8743132948875427,0.2576909065246582,0.3604891896247864
30,10,64,relu,0.0001793308251250528,128,epochs,0.8398444652557373,0.27698951959609985,0.39138489961624146
10,4,256,sigmoid,0.0006432042368900553,256,epochs,0.7657926678657532,0.34289735555648804,0.4784984290599823
20,5,512,tanh,3.788211296555518e-05,64,epochs,0.9180066585540771,0.20532824099063873,0.29116350412368774
30,5,64,sigmoid,0.00010264470194970798,256,epochs,0.7276986837387085,0.36700311303138733,0.5103380084037781
30,7,512,sigmoid,9.633408488858216e-05,512,epochs,0.6797291040420532,0.3945542871952057,0.5534670948982239
20,7,128,tanh,0.0018250297794773643,256,epochs,0.9126476049423218,0.19605888426303864,0.30052804946899414
30,5,64,sigmoid,2.2629478381645623e-05,256,epochs,0.5078321695327759,0.5206286311149597,0.6861035823822021
30,10,256,sigmoid,2.2503353244364736e-05,256,epochs,-0.01840662956237793,0.7845953106880188,0.986946702003479
20,9,512,sigmoid,0.0025467421450955734,128,epochs,-0.024905800819396973,0.7920785546302795,1.0294127464294434
30,9,256,relu,0.005645912202928424,64,epochs,0.8791705369949341,0.23202186822891235,0.3399534821510315
20,10,512,relu,0.0010987166700722661,512,epochs,0.9231645464897156,0.1281447559595108,0.2818566858768463
30,4,512,sigmoid,0.002634790310611548,64,epochs,0.8940754532814026,0.21952129900455475,0.3182961344718933
10,8,64,relu,0.00018667757659344964,64,epochs,0.8235800862312317,0.28389182686805725,0.4152924418449402
10,10,512,tanh,0.009518528086922055,512,epochs,0.041796326637268066,0.7624756693840027,0.9678524732589722
10,9,256,relu,3.431001334782566e-05,512,epochs,0.8052392601966858,0.3064527213573456,0.4363459646701813
30,9,512,sigmoid,0.00013735023414169248,128,epochs,0.8111032247543335,0.2986716032028198,0.42505520582199097
10,10,512,sigmoid,0.0019868285981306873,64,epochs,-0.0050506591796875,0.7911896705627441,0.9912295341491699
10,5,64,tanh,0.0002074380563155947,128,epochs,0.8142880201339722,0.30291426181793213,0.4260888993740082
20,5,256,sigmoid,0.0006219464923509303,256,epochs,0.8538099527359009,0.27964335680007935,0.3887822926044464
10,7,256,tanh,1.5236068316795693e-05,128,epochs,0.749251663684845,0.3537839651107788,0.4951072335243225
30,7,256,sigmoid,0.00017740828608730786,128,epochs,0.8371703028678894,0.2810792624950409,0.39463889598846436
10,6,128,tanh,0.005549112396118206,512,epochs,0.8944026827812195,0.20414240658283234,0.3212970197200775
10,6,64,tanh,0.00347856527890378,64,epochs,0.8465304374694824,0.25193095207214355,0.38733917474746704
30,8,64,relu,3.668511474362323e-05,128,epochs,0.7905734181404114,0.31581911444664,0.44755762815475464
10,9,64,sigmoid,0.009970478952738983,512,epochs,0.7838688492774963,0.3135095238685608,0.4596623480319977
20,10,256,tanh,0.000250467500911502,256,epochs,0.9280278086662292,0.18398691713809967,0.27279090881347656
20,5,256,tanh,0.00017449802332685353,128,epochs,0.9202508926391602,0.19978174567222595,0.2871510684490204
30,9,512,tanh,2.8657231402066698e-05,256,epochs,0.8461114764213562,0.27577751874923706,0.38365089893341064
20,10,512,sigmoid,0.0008415566636617346,512,epochs,0.8672987222671509,0.2622756361961365,0.37041211128234863
30,9,64,sigmoid,1.2631975407416078e-05,64,epochs,0.5069810152053833,0.5184515714645386,0.6866965889930725
10,9,128,relu,4.530634391728398e-05,512,epochs,0.7809802889823914,0.3296557664871216,0.4627237915992737
10,4,512,relu,1.1224795636870552e-05,256,epochs,0.7942920923233032,0.31180769205093384,0.4484414756298065
30,9,512,relu,2.0943501205283967e-05,64,epochs,0.8847968578338623,0.23558981716632843,0.3319443166255951
20,4,256,tanh,0.00023822823693559855,128,epochs,0.9187755584716797,0.20591042935848236,0.28979504108428955
10,9,64,relu,0.00016437467014060193,512,epochs,0.781212568283081,0.32183903455734253,0.4624783992767334
20,9,256,sigmoid,0.008550424368806294,64,epochs,-0.024999022483825684,0.7920792102813721,1.0294595956802368
30,7,256,relu,0.005922128134919068,256,epochs,0.9007993340492249,0.2048456072807312,0.30802813172340393
20,4,128,sigmoid,2.7075387682885663e-05,512,epochs,0.4718298316001892,0.5460261702537537,0.7389830946922302
10,8,512,sigmoid,0.0048930234936073735,256,epochs,-0.03947305679321289,0.7869577407836914,1.008061170578003
30,6,64,relu,0.00020476925891707448,64,epochs,0.8452745676040649,0.2770770490169525,0.38469263911247253
20,4,256,tanh,0.00029635370990926805,256,epochs,0.9083749651908875,0.21965958178043365,0.3077901303768158
30,9,512,relu,0.0020725366175725077,256,epochs,0.9178025722503662,0.1657310277223587,0.2803897559642792
30,5,512,tanh,0.00012080938802007575,64,epochs,0.9110710620880127,0.20818153023719788,0.2916451096534729
10,5,64,relu,0.00019630824837113173,512,epochs,0.7558226585388184,0.34727320075035095,0.4885769188404083
30,8,256,tanh,1.0889848669905585e-05,512,epochs,0.7590774893760681,0.35265523195266724,0.4800337255001068
30,5,512,relu,2.609276944541184e-05,256,epochs,0.8669342398643494,0.24945099651813507,0.35675185918807983
20,7,256,tanh,0.0022284344950291197,256,epochs,0.9344540238380432,0.14635290205478668,0.2603278160095215
20,4,128,tanh,1.0478572155092636e-05,512,epochs,0.6138591766357422,0.45993149280548096,0.6318594217300415
20,7,256,tanh,0.002795287033842423,128,epochs,0.7614673376083374,0.34610792994499207,0.4966169595718384
20,6,256,sigmoid,0.0012158312537395826,512,epochs,0.8422436118125916,0.2887546122074127,0.40386950969696045
20,6,64,sigmoid,3.9755767869761734e-05,128,epochs,0.4888398051261902,0.520565390586853,0.7269861102104187
10,7,256,sigmoid,1.6124119784087512e-05,512,epochs,0.49013787508010864,0.5184646844863892,0.7060031294822693
10,9,512,tanh,1.6668457296403625e-05,512,epochs,0.7572288513183594,0.34383654594421387,0.48716801404953003
10,10,256,sigmoid,0.004858526166908372,64,epochs,-0.03185737133026123,0.7864636182785034,1.0043615102767944
30,9,512,tanh,0.007891332326420043,512,epochs,0.37681615352630615,0.5903730392456055,0.7720423936843872
30,8,128,tanh,0.00013254358204922562,512,epochs,0.8417465090751648,0.2796878218650818,0.3890538513660431
10,6,512,relu,2.2295027577341865e-05,128,epochs,0.833458423614502,0.2816137373447418,0.4034981429576874
20,6,512,relu,0.00020629932871997568,512,epochs,0.9148626327514648,0.2145146280527115,0.29669323563575745
10,10,256,sigmoid,2.128570531434773e-05,128,epochs,-0.01980268955230713,0.787680983543396,0.9984776377677917
10,10,512,sigmoid,3.5756526664304156e-05,512,epochs,-0.02433764934539795,0.7871357798576355,1.0006951093673706
30,5,128,tanh,0.0018070762831955429,64,epochs,0.9125851988792419,0.1856047809123993,0.2891516089439392
20,6,128,tanh,2.1971763318198837e-05,512,epochs,0.7153451442718506,0.3792870044708252,0.5425089597702026
30,4,256,tanh,0.003439960121998897,128,epochs,0.9052202701568604,0.20673607289791107,0.3010861873626709
30,8,64,sigmoid,2.5225704787944602e-05,64,epochs,0.5740000605583191,0.47363707423210144,0.6383190751075745
20,8,128,sigmoid,0.00014162172779726823,128,epochs,0.6003355979919434,0.4312936067581177,0.6428288221359253
10,7,256,relu,3.641629343823412e-05,512,epochs,0.7772786617279053,0.3086777627468109,0.4666176438331604
20,8,512,tanh,0.0011326350883517297,512,epochs,0.9266359806060791,0.17425231635570526,0.27541598677635193
10,6,64,tanh,4.726397565463036e-05,256,epochs,0.7005593180656433,0.3822169899940491,0.5410478115081787
20,8,64,sigmoid,2.200999551602343e-05,256,epochs,0.4656286835670471,0.5429987907409668,0.7433086037635803
20,4,128,tanh,0.004211429537828507,64,epochs,0.8776844143867493,0.24386191368103027,0.35562190413475037
10,7,64,relu,4.2622066541956135e-05,256,epochs,0.7316060066223145,0.3632887303829193,0.5122318863868713
10,10,128,relu,0.0005131248345307417,256,epochs,0.8633624315261841,0.24956241250038147,0.3654814660549164
30,10,64,relu,0.007732429783878365,512,epochs,0.8743333220481873,0.23498257994651794,0.3466914892196655
30,6,128,sigmoid,0.0001506961825644726,128,epochs,0.7964048385620117,0.3193686008453369,0.44128257036209106
10,9,64,tanh,0.00035224141434318557,256,epochs,0.8352134823799133,0.28448569774627686,0.4013664722442627
30,4,512,sigmoid,0.0009827237737464996,256,epochs,0.887478232383728,0.2287626415491104,0.32805854082107544
10,7,128,tanh,6.391613640868384e-05,256,epochs,0.7810828685760498,0.33018338680267334,0.462615430355072
20,9,64,relu,1.989409675249165e-05,512,epochs,0.7001844048500061,0.3983667194843292,0.556768536567688
30,5,256,relu,0.004200201326876116,256,epochs,0.907019853591919,0.19525711238384247,0.2982140779495239
30,9,128,relu,0.00015453423294444933,256,epochs,0.8483009338378906,0.26617172360420227,0.3809119164943695
10,7,64,relu,0.000604002158329334,512,epochs,0.813807487487793,0.3017415404319763,0.4266397953033447
30,5,512,relu,4.8622871407085816e-05,64,epochs,0.9049057960510254,0.21100863814353943,0.30158525705337524
20,5,512,relu,0.0008408692008713222,128,epochs,0.9381715059280396,0.12725830078125,0.2528377175331116
10,7,256,sigmoid,4.3567872622577954e-05,128,epochs,0.5101680159568787,0.49506035447120667,0.6919963955879211
10,5,64,sigmoid,0.001548914504636303,256,epochs,0.7621511816978455,0.3500598073005676,0.4822039306163788
30,4,128,sigmoid,0.000635326814215936,256,epochs,0.8486831784248352,0.2726707458496094,0.3804317116737366
30,6,128,sigmoid,0.0006618820586505421,128,epochs,0.8648128509521484,0.25597870349884033,0.35958433151245117
10,7,512,relu,5.2874377430984214e-05,64,epochs,0.8937115669250488,0.2193204015493393,0.3223467469215393
30,7,256,sigmoid,0.0011189898495047282,512,epochs,0.8584635853767395,0.258953720331192,0.36793166399002075
10,4,512,sigmoid,7.235414240149311e-05,512,epochs,0.5847852230072021,0.442775696516037,0.6371132731437683
30,8,128,tanh,1.7815221292755897e-05,64,epochs,0.8183988332748413,0.3031465411186218,0.41676613688468933
30,10,64,tanh,0.0012474629183968195,128,epochs,0.8956624269485474,0.19435618817806244,0.3159027099609375
30,9,128,relu,1.0914275564279471e-05,128,epochs,0.7923792600631714,0.3181910216808319,0.44562384486198425
20,5,256,relu,0.0017755346508024582,256,epochs,0.9340428709983826,0.1592482477426529,0.2611430287361145
20,10,512,tanh,0.0003728744573593982,256,epochs,0.9246805310249329,0.1696428656578064,0.27906227111816406
30,5,256,relu,5.825701699038735e-05,64,epochs,0.8700189590454102,0.25209999084472656,0.35259246826171875
30,8,64,relu,0.003767619425087148,64,epochs,0.8704975843429565,0.24157917499542236,0.3519427478313446
10,8,512,relu,9.234343882148286e-05,512,epochs,0.8611440658569336,0.25723040103912354,0.36843636631965637
30,9,64,relu,4.672563184888949e-05,64,epochs,0.8367232084274292,0.28345727920532227,0.39518028497695923
10,8,512,relu,0.00012786688267937436,256,epochs,0.8908227682113647,0.21877582371234894,0.32669785618782043
20,10,128,sigmoid,0.0050272431575543175,128,epochs,-0.024590730667114258,0.7920763492584229,1.0292545557022095
10,6,64,sigmoid,0.00013453165701760448,256,epochs,0.5192826390266418,0.489637166261673,0.6855279207229614
10,9,256,relu,1.3542560895394509e-05,128,epochs,0.7891227602958679,0.3216013014316559,0.4540410339832306
30,4,128,sigmoid,0.002883292323363599,64,epochs,0.8584139347076416,0.26039302349090576,0.3679961562156677
